{
    "loss": 0.20178177952766418,
    "accuracy": 0.9396551847457886
}