{
    "loss": 0.257124662399292,
    "accuracy": 0.931034505367279
}