{
    "loss": 0.2339223027229309,
    "accuracy": 0.9396551847457886
}